Name,URL,Twitter
24/7 Wall St,http://247wallst.com/,https://twitter.com/247wallst
99Bitcoins,https://99bitcoins.com/,https://twitter.com/99bitcoinshq
ABC,http://www.abc.net.au/,https://twitter.com/abcaustralia/
abc News,http://abcnews.go.com/,http://twitter.com/abc
alphr,http://www.alphr.com/,https://twitter.com/alphr
American Banker,https://www.americanbanker.com,https://twitter.com/amerbanker
Aragon,https://aragon.one/,https://twitter.com/aragonproject
Ark.io,http://ark.io/,https://twitter.com/arkecosystem
Ars Technica,https://arstechnica.com/,https://twitter.com/arstechnica
Axios,https://www.axios.com/,https://twitter.com/axios
Bangalore Mirror,http://bangaloremirror.indiatimes.com/,https://twitter.com/bangaloremirror
Barron's Asia,https://www.barrons.com,https://twitter.com/barronsonline
BBC,http://www.bbc.com/,https://twitter.com/bbc
Benzinga,https://www.benzinga.com,http://twitter.com/benzinga
betanews,https://betanews.com/,https://twitter.com/betanews
Bitcoin.com,https://news.bitcoin.com/,https://twitter.com/btctn
Bitcoin.com,https://www.bitcoin.com/,https://twitter.com/bitcoincom
Bitcoinist,http://bitcoinist.com/,https://twitter.com/bitcoinist
BitcoinMagazine,https://bitcoinmagazine.com/,https://twitter.com/bitcoinmagazine
Bitsonline,https://www.bitsonline.com/,http://twitter.com/bitsonlinecom
BlockTribune,http://blocktribune.com/,https://twitter.com/blocktribune
Bloomberg,https://www.bloomberg.com,https://twitter.com/bloomberg
BNN,https://www.bnn.ca/,https://twitter.com/bnn
Boston Herald,http://www.bostonherald.com/,http://twitter.com/bostonherald
Brave NewCoin,https://bravenewcoin.com/,https://twitter.com/bravenewcoin
Breitbart,http://www.breitbart.com/,https://twitter.com/breitbartnews
BTCmanager.com,https://btcmanager.com,https://twitter.com/btc_manager
Business Insider UK,http://uk.businessinsider.com/,http://twitter.com/biuk
Business Live,https://www.businesslive.co.za/,https://twitter.com/businesslivesa
Business Recorder,https://www.brecorder.com/,https://twitter.com/brecordernews
BusinessKorea,http://www.businesskorea.co.kr/,https://twitter.com/business_korea
Businesslive,https://www.businesslive.co.za/,https://twitter.com/businesslivesa
BuzzFeed,https://www.buzzfeed.com/,https://twitter.com/buzzfeed
CBR,https://www.cbronline.com/,https://twitter.com/cbronline
Chicago Tribute,http://www.chicagotribune.com/,https://twitter.com/chicagotribune
City A.M.,http://www.cityam.com/,https://twitter.com/cityam
CNBC,https://www.cnbc.com,https://twitter.com/cnbc
CNN Money,http://money.cnn.com,http://twitter.com/cnnmoney
Coin Idol,https://coinidol.com,https://twitter.com/coinidol
coindesk,https://www.coindesk.com/,https://twitter.com/coindesk
CoinGeek,https://coingeek.com/,https://twitter.com/realcoingeek
CoinJournal,https://coinjournal.net/,https://twitter.com/coinjournal
Coinspeaker,https://www.coinspeaker.com/,https://www.twitter.com/coinspeaker/
cryptovest,https://cryptovest.com/,https://twitter.com/cryptovestmedia
crytocoins news,https://www.cryptocoinsnews.com/,https://twitter.com/cryptocoinsnews
Daily Beast,https://www.thedailybeast.com/,https://twitter.com/thedailybeast
Daily Mail,http://www.dailymail.co.uk/,https://twitter.com/dailymailuk
DCEBrief,https://dcebrief.com,https://twitter.com/dcebrief
Digital Trends,https://www.digitaltrends.com/,https://twitter.com/digitaltrends
DNA,http://www.dnaindia.com/,https://twitter.com/dna
E27,https://e27.co,http://twitter.com/e27co
Engadget,https://www.engadget.com,https://twitter.com/engadget
Entrepreneur,https://www.entrepreneur.com/,https://twitter.com/entrepreneur
Equities,https://www.equities.com,https://twitter.com/equitiesinc
ETH News,https://www.ethnews.com/,https://twitter.com/ethnews_
Ethereum ,https://ethereum.org/,https://twitter.com/ethereumproject
Ethereum World News,http://ethereumworldnews.com/,https://twitter.com/etherworldnews
Euromoney,https://www.euromoney.com/,http://twitter.com/euromoney
Express,https://www.express.co.uk,https://twitter.com/daily_express
fin24tech,https://www.fin24.com/,https://twitter.com/fin24_tech
Finance Magnates,https://www.financemagnates.com/,https://twitter.com/financemagnates
Financial Post,http://business.financialpost.com/,http://twitter.com/financialpost
Financial Review,http://www.afr.com,http://twitter.com/financialreview
Forbes,https://www.forbes.com,https://twitter.com/forbes
Fortune,http://fortune.com/,https://twitter.com/fortunemagazine
FT Adviser,https://www.ftadviser.com/,https://twitter.com/ftadviser
Gizmodo,https://gizmodo.com/,https://twitter.com/gizmodo
Hacked,https://hacked.com/,https://twitter.com/hackedcom
HotHardware,https://hothardware.com/,https://www.twitter.com/hothardware
Huffpost,https://www.huffingtonpost.com,https://twitter.com/huffpost
Independent,http://www.independent.co.uk/,https://twitter.com/independent
India Times,https://www.indiatimes.com/,https://twitter.com/indiatimes
Indorse,https://indorse.io/,https://twitter.com/joinindorse
Inquirer.net,http://business.inquirer.net/,https://twitter.com/inquirerdotnet
Interactive investor,http://www.iii.co.uk,http://twitter.com/iiicouk
International Business Times,http://www.ibtimes.com/,http://twitter.com/ibtimes
Inverse Innovation,https://www.inverse.com,https://www.twitter.com/inversedotcom
Investfeed Edge,https://investfeededge.com/,https://twitter.com/investfeed
Investopedia,https://www.investopedia.com,https://twitter.com/investopedia
Investor Place,https://investorplace.com,https://twitter.com/investorplace
Investor's Business Daily,https://www.investors.com/,https://twitter.com/ibdinvestors
InvestorPlace,https://investorplace.com/,https://twitter.com/investorplace
itNews,https://www.itnews.com.au/,https://twitter.com/itnews_au
Keep ,https://keep.network/,https://twitter.com/keep_project
LeapRate,https://www.leaprate.com/,https://twitter.com/leaprate
Lexology,https://www.lexology.com/,https://twitter.com/lexology
Livemint,http://www.livemint.com/,https://twitter.com/livemint
Madnetwork,https://madnetwork.io/,https://twitter.com/madnetwork_
Marketwatch,https://www.marketwatch.com,https://twitter.com/marketwatch
Mashable,http://mashable.com/,https://twitter.com/mashable
Metro,http://metro.co.uk/,http://www.twitter.com/metrouk
MingoCoin,https://mingocoin.com/,https://twitter.com/mingocoin
MIT Technology Review,https://www.technologyreview.com/,https://twitter.com/techreview
Money Morning,https://moneymorning.com/,https://twitter.com/moneymorning
MoneyWatch,https://www.cbsnews.com/,https://twitter.com/cbsnews
Moneyweb,https://www.moneyweb.co.za,https://twitter.com/moneyweb
Mother Board,https://motherboard.vice.com,https://twitter.com/motherboard
mySA,http://www.mysanantonio.com/,https://twitter.com/mysa
Naked Security,https://nakedsecurity.sophos.com/,https://twitter.com/nakedsecurity
Nasdaq,http://www.nasdaq.com/,https://twitter.com/nasdaq
Neowin,https://www.neowin.net,https://twitter.com/neowinfeed
news.com.au,http://www.news.com.au/,https://twitter.com/newscomauhq
NewStatesman,https://www.newstatesman.com/,https://twitter.com/newstatesman
Newsweek,http://www.newsweek.com/,https://twitter.com/newsweek
Next Big Future,https://www.nextbigfuture.com,https://twitter.com/nextbigfuture
NichHunt,https://nichehunt.com/,https://twitter.com/niche_hunt
NiemanLab,http://www.niemanlab.org/,https://twitter.com/niemanlab
PC mag,https://www.pcmag.com/,https://twitter.com/pcmagazine
PIVX,https://pivx.org,https://twitter.com/_pivx
Quartz,https://qz.com/,https://www.twitter.com/qz
reason.com,http://reason.com/,http://twitter.com/reason
Reuters,https://af.reuters.com/,https://twitter.com/reuters
Reuters,https://www.reuters.com,https://twitter.com/reuters
ripple,https://ripple.com,https://twitter.com/ripple
SC Media,https://www.scmagazine.com/,https://twitter.com/scmagazine
Scientific American,https://www.scientificamerican.com/,https://twitter.com/sciam
Security Intelligence ,https://securityintelligence.com,http://www.twitter.com/ibmsecurity
Seeking Alpha,https://seekingalpha.com/,https://twitter.com/seekingalpha
Silicon Angle,https://siliconangle.com/,https://twitter.com/siliconangle
Silicon Republic,https://www.siliconrepublic.com,https://twitter.com/siliconrepublic
Skift,https://skift.com/,https://twitter.com/skift
South China Morning Post Opinion,http://www.scmp.com,https://twitter.com/scmp_news
Starbase,https://starbase.co/,http://twitter.com/starbaseco
Tech times,https://www.techtimes.news/,https://twitter.com/techtimes_news
TechBullion,https://www.techbullion.com/,https://twitter.com/techbullion
techradar.pro,http://www.techradar.com/,https://twitter.com/techradar
Techwire Asia,http://techwireasia.com/,https://twitter.com/techwireasia
The CoinTelegraph,https://cointelegraph.com/,https://twitter.com/cointelegraph
The Economic Times,https://economictimes.indiatimes.com/,https://twitter.com/economictimes
The Globe and Mail,https://www.theglobeandmail.com,https://twitter.com/globeandmail
The Guardian,https://www.theguardian.com/,https://twitter.com/guardian
The Indian Tribune,http://www.indiantribune.com/,https://twitter.com/tribuneindian
The Inquirer,https://www.theinquirer.net/,https://twitter.com/inq
The Irish Times,https://www.irishtimes.com,https://twitter.com/irishtimes
The Market Oracle,http://www.marketoracle.co.uk/,https://twitter.com/marketoracle
The Mercury News,http://www.mercurynews.com,https://twitter.com/mercnews
The Merkle,https://themerkle.com/,https://twitter.com/themerklenews
The New York Times ,https://www.nytimes.com/,https://twitter.com/nytimes
The Register,https://www.theregister.co.uk,https://twitter.com/theregister
The Star Online,https://www.thestar.com.my/,http://twitter.com/staronline
The Street,https://www.thestreet.com,https://twitter.com/thestreet
The Sun,https://www.thesun.co.uk,https://twitter.com/thesun?lang=en-gb
The Sunday Times,https://www.thetimes.co.uk/,https://twitter.com/thetimes
The Sydney Morning Herald,http://www.smh.com.au/,https://twitter.com/smh
The Telegraph,http://www.telegraph.co.uk/,https://twitter.com/telegraph
The Times of India,https://timesofindia.indiatimes.com/,https://twitter.com/timesofindia
The Wall Street Journal,https://www.wsj.com,http://twitter.com/wsj
The Washington Post,https://www.washingtonpost.com/,https://twitter.com/washingtonpost
Time,http://time.com/,https://twitter.com/time
Type Board,http://typeboard.com/,https://twitter.com/typeboard
USnews,https://www.usnews.com,https://twitter.com/usnews
Venture Beat,https://venturebeat.com/,https://twitter.com/venturebeat
Vice,https://www.vice.com/,https://twitter.com/vice_id
WhaTech,https://www.whatech.com/,https://twitter.com/whatechau
Wired,https://www.wired.com/,http://www.twitter.com/wired
Yahoo,https://uk.news.yahoo.com/,https://www.twitter.com/yahoonewsuk
ZDNet,http://www.zdnet.com/,http://twitter.com/zdnet
FactorDaily,https://factordaily.com/,https://twitter.com/factordaily
Cruch Crypto,https://crushcrypto.com/,https://twitter.com/CrushCrypto
FinanceFeeds,https://financefeeds.com/,https://twitter.com/FXFinanceFeeds
EconoTimes,https://www.econotimes.com/,https://www.econotimes.com/
,,
,,
,,
,,
,,
,,
,,
,,
,,
,,
,,
,,
,,
,,
,,
,,
,,
,,
,,
,,
,,
,,
,,
,,
,,
,,
,,
,,
,,
,,
,,
,,
,,
,,
,,
,,
,,
,,
,,
,,
,,
,,
,,
,,
,,
,,
,,
,,
,,
,,
,,
,,
,,
,,
,,
,,
,,
,,
,,
,,
,,
,,
,,
,,
,,
,,
,,
,,
,,
,,
,,
,,
,,
,,
,,
,,
,,
,,
,,
,,
,,
,,
,,
,,
,,
,,
,,
,,
,,
,,
,,
,,
,,
,,
,,
,,
,,
,,
,,
,,
,,
,,
,,
,,
,,
,,
,,
,,
,,
,,
,,
,,
,,
,,
,,
,,
,,
,,
,,
,,
,,
,,
,,
,,
,,
,,
,,
,,
,,
,,
,,
,,
,,
,,
,,
,,
,,
,,
,,
,,
,,
,,
,,
,,
,,
,,
,,
,,
,,
,,
,,
,,
,,
,,
,,
,,
,, 